{
  "name" : "cancela",
  "type" : "NLPIntent",
  "trackingId" : "7DE3F43E-A37F-4EF7-A95C-9CF8C469734F",
  "enabled" : true,
  "intentParameters" : [ ],
  "exampleData" : [ {
    "sentence" : "cancela todo",
    "trackingId" : "E89F9549-D203-4DCE-9B90-E040F7EA477B",
    "translated" : null,
    "detectedLanguage" : null,
    "translatedLanguage" : null,
    "translatedBy" : null,
    "exampleEntities" : [ ]
  }, {
    "sentence" : "cancela la orden",
    "trackingId" : "0A7D3B5B-E38B-484E-8927-9812C04A83A3",
    "translated" : null,
    "detectedLanguage" : null,
    "translatedLanguage" : null,
    "translatedBy" : null,
    "exampleEntities" : [ ]
  }, {
    "sentence" : "cancela",
    "trackingId" : "48C3EEC8-810F-478C-A268-C12477EF83A1",
    "translated" : null,
    "detectedLanguage" : null,
    "translatedLanguage" : null,
    "translatedBy" : null,
    "exampleEntities" : [ ]
  } ],
  "autoCompleteData" : [ ]
}