{
  "name" : "despedida",
  "type" : "NLPIntent",
  "trackingId" : "DBCD926D-DD5C-4006-91FE-A1A2651DB0D7",
  "enabled" : true,
  "intentParameters" : [ ],
  "exampleData" : [ {
    "sentence" : "despidete",
    "trackingId" : "D0E0CB83-CED3-489C-8344-B0BDAEA6F2D9",
    "translated" : null,
    "detectedLanguage" : null,
    "translatedLanguage" : null,
    "translatedBy" : null,
    "exampleEntities" : [ ]
  }, {
    "sentence" : "di adios",
    "trackingId" : "CD1753BB-B8AF-419B-81A6-09E02250E330",
    "translated" : null,
    "detectedLanguage" : null,
    "translatedLanguage" : null,
    "translatedBy" : null,
    "exampleEntities" : [ ]
  }, {
    "sentence" : "adios",
    "trackingId" : "6712E69B-F8ED-4940-B116-5E25B17E1022",
    "translated" : null,
    "detectedLanguage" : null,
    "translatedLanguage" : null,
    "translatedBy" : null,
    "exampleEntities" : [ ]
  }, {
    "sentence" : "finalizar",
    "trackingId" : "C2B094CB-876A-401D-8B78-0234D9CBC9F5",
    "translated" : null,
    "detectedLanguage" : null,
    "translatedLanguage" : null,
    "translatedBy" : null,
    "exampleEntities" : [ ]
  }, {
    "sentence" : "cierre",
    "trackingId" : "77A209EF-83C4-44C1-A6DB-BA4050F97040",
    "translated" : null,
    "detectedLanguage" : null,
    "translatedLanguage" : null,
    "translatedBy" : null,
    "exampleEntities" : [ ]
  }, {
    "sentence" : "cierra",
    "trackingId" : "0EDADCDC-D256-4273-A567-E441F8A241CC",
    "translated" : null,
    "detectedLanguage" : null,
    "translatedLanguage" : null,
    "translatedBy" : null,
    "exampleEntities" : [ ]
  }, {
    "sentence" : "despídete",
    "trackingId" : "4F7CD219-EA42-4EFF-9B75-77A86A26A1A3",
    "translated" : null,
    "detectedLanguage" : null,
    "translatedLanguage" : null,
    "translatedBy" : null,
    "exampleEntities" : [ ]
  }, {
    "sentence" : "adiós alexa",
    "trackingId" : "316DC085-6615-4909-8EFB-E882EA1CDA2B",
    "translated" : null,
    "detectedLanguage" : null,
    "translatedLanguage" : null,
    "translatedBy" : null,
    "exampleEntities" : [ ]
  } ],
  "autoCompleteData" : [ ]
}