{
  "name" : "recomendaciones",
  "type" : "NLPIntent",
  "trackingId" : "86B2EAB6-0958-41CD-9E10-185ACF865066",
  "enabled" : true,
  "intentParameters" : [ ],
  "exampleData" : [ {
    "sentence" : "cual es la especialidad de la casa",
    "trackingId" : "7BD7CD88-6157-45F4-96F9-B4CAEDAB4178",
    "translated" : null,
    "detectedLanguage" : null,
    "translatedLanguage" : null,
    "translatedBy" : null,
    "exampleEntities" : [ ]
  }, {
    "sentence" : "recomiendame una bebida",
    "trackingId" : "C3D58673-48B5-4180-B888-A249CE7967A1",
    "translated" : null,
    "detectedLanguage" : null,
    "translatedLanguage" : null,
    "translatedBy" : null,
    "exampleEntities" : [ ]
  }, {
    "sentence" : "recomendaciones",
    "trackingId" : "4165D362-834C-474B-A289-281F198A92D0",
    "translated" : null,
    "detectedLanguage" : null,
    "translatedLanguage" : null,
    "translatedBy" : null,
    "exampleEntities" : [ ]
  }, {
    "sentence" : "cual es tu recomendacion",
    "trackingId" : "EB380EBD-6596-4C16-9848-C6222DD42118",
    "translated" : null,
    "detectedLanguage" : null,
    "translatedLanguage" : null,
    "translatedBy" : null,
    "exampleEntities" : [ ]
  }, {
    "sentence" : "recomiéndame una bebida",
    "trackingId" : "79CF3454-77C8-467D-AB89-54B10587258C",
    "translated" : null,
    "detectedLanguage" : null,
    "translatedLanguage" : null,
    "translatedBy" : null,
    "exampleEntities" : [ ]
  }, {
    "sentence" : "recomiéndame una bebida",
    "trackingId" : "D8A15EFB-51EE-410F-96B2-D77E4D155EAD",
    "translated" : null,
    "detectedLanguage" : null,
    "translatedLanguage" : null,
    "translatedBy" : null,
    "exampleEntities" : [ ]
  }, {
    "sentence" : "recomiéndame una",
    "trackingId" : "4CA8F697-F7DD-4E12-8A36-2E79481F6D70",
    "translated" : null,
    "detectedLanguage" : null,
    "translatedLanguage" : null,
    "translatedBy" : null,
    "exampleEntities" : [ ]
  }, {
    "sentence" : "recomiéndame una bebida",
    "trackingId" : "25FEDD48-B3B1-4A6D-842D-BDCD2E91A31A",
    "translated" : null,
    "detectedLanguage" : null,
    "translatedLanguage" : null,
    "translatedBy" : null,
    "exampleEntities" : [ ]
  } ],
  "autoCompleteData" : [ ]
}