{
  "name" : "Saluda",
  "type" : "NLPIntent",
  "trackingId" : "0C93A91B-CBDA-4399-8FD6-0D467169D14B",
  "enabled" : true,
  "intentParameters" : [ ],
  "exampleData" : [ {
    "sentence" : "hola",
    "trackingId" : "E3F12266-FB02-43C6-97B0-37F60B03C283",
    "translated" : null,
    "detectedLanguage" : null,
    "translatedLanguage" : null,
    "translatedBy" : null,
    "exampleEntities" : [ ]
  }, {
    "sentence" : "saluda",
    "trackingId" : "62634C3D-42E9-49F8-A984-A1BE168BD5A6",
    "translated" : null,
    "detectedLanguage" : null,
    "translatedLanguage" : null,
    "translatedBy" : null,
    "exampleEntities" : [ ]
  }, {
    "sentence" : "saluda al publico",
    "trackingId" : "DD66F89F-860E-4474-AE70-5C800E632BC0",
    "translated" : null,
    "detectedLanguage" : null,
    "translatedLanguage" : null,
    "translatedBy" : null,
    "exampleEntities" : [ ]
  }, {
    "sentence" : "como te va",
    "trackingId" : "465D3236-DFFB-44FC-BA73-B58BFD21BB1F",
    "translated" : null,
    "detectedLanguage" : null,
    "translatedLanguage" : null,
    "translatedBy" : null,
    "exampleEntities" : [ ]
  } ],
  "autoCompleteData" : [ ]
}