{
  "name" : "tomar_orden",
  "type" : "NLPIntent",
  "trackingId" : "7EE1A4F0-D0BB-44B1-BED9-55E57D8568F4",
  "enabled" : true,
  "intentParameters" : [ ],
  "exampleData" : [ {
    "sentence" : "quiero un cafe",
    "trackingId" : "F2F4FBA2-66EB-4DD0-9D56-A07D74F00615",
    "translated" : null,
    "detectedLanguage" : null,
    "translatedLanguage" : null,
    "translatedBy" : null,
    "exampleEntities" : [ ]
  }, {
    "sentence" : "ordenar",
    "trackingId" : "089C675A-EFAE-42FC-9F5D-975F29BD1D2C",
    "translated" : null,
    "detectedLanguage" : null,
    "translatedLanguage" : null,
    "translatedBy" : null,
    "exampleEntities" : [ ]
  }, {
    "sentence" : "ordenar cafe",
    "trackingId" : "697F4C96-6DC3-486C-846A-345142F7BEC6",
    "translated" : null,
    "detectedLanguage" : null,
    "translatedLanguage" : null,
    "translatedBy" : null,
    "exampleEntities" : [ ]
  }, {
    "sentence" : "empezar",
    "trackingId" : "74B9BEF0-89A5-4280-B9AB-1939EB2B9532",
    "translated" : null,
    "detectedLanguage" : null,
    "translatedLanguage" : null,
    "translatedBy" : null,
    "exampleEntities" : [ ]
  }, {
    "sentence" : "pedir",
    "trackingId" : "F605AB7B-00B3-4E01-847E-F80807D1A966",
    "translated" : null,
    "detectedLanguage" : null,
    "translatedLanguage" : null,
    "translatedBy" : null,
    "exampleEntities" : [ ]
  }, {
    "sentence" : "pedir un cafe",
    "trackingId" : "1E2395FD-1A57-4801-9A60-5D754A377074",
    "translated" : null,
    "detectedLanguage" : null,
    "translatedLanguage" : null,
    "translatedBy" : null,
    "exampleEntities" : [ ]
  }, {
    "sentence" : "toma mi orden",
    "trackingId" : "1C2FACC3-B494-4689-9DE7-ADB1C6978210",
    "translated" : null,
    "detectedLanguage" : null,
    "translatedLanguage" : null,
    "translatedBy" : null,
    "exampleEntities" : [ ]
  }, {
    "sentence" : "ordenar cafe",
    "trackingId" : "66FD95E1-FB8B-4736-967F-A9CE447A6456",
    "translated" : null,
    "detectedLanguage" : null,
    "translatedLanguage" : null,
    "translatedBy" : null,
    "exampleEntities" : [ ]
  }, {
    "sentence" : "quiero un cafe",
    "trackingId" : "7A933FE5-CD9B-4DF2-A488-553215C765A6",
    "translated" : null,
    "detectedLanguage" : null,
    "translatedLanguage" : null,
    "translatedBy" : null,
    "exampleEntities" : [ ]
  }, {
    "sentence" : "dame un cafe",
    "trackingId" : "46961E61-B7C7-4B83-A33B-D270CF65DC79",
    "translated" : null,
    "detectedLanguage" : null,
    "translatedLanguage" : null,
    "translatedBy" : null,
    "exampleEntities" : [ ]
  }, {
    "sentence" : "café capuchino",
    "trackingId" : "1BDFE2A3-43D3-49B8-BD2A-EE5EDBB71E20",
    "translated" : null,
    "detectedLanguage" : null,
    "translatedLanguage" : null,
    "translatedBy" : null,
    "exampleEntities" : [ ]
  }, {
    "sentence" : "ordena un café capuchino",
    "trackingId" : "8D5A05A0-4F4C-4852-BEC5-C513DA63035F",
    "translated" : null,
    "detectedLanguage" : null,
    "translatedLanguage" : null,
    "translatedBy" : null,
    "exampleEntities" : [ ]
  }, {
    "sentence" : "ordena un café gran",
    "trackingId" : "9A6340F1-18C1-4EEC-BF70-C6D563B06CC2",
    "translated" : null,
    "detectedLanguage" : null,
    "translatedLanguage" : null,
    "translatedBy" : null,
    "exampleEntities" : [ ]
  }, {
    "sentence" : "ordena un café capuchino",
    "trackingId" : "7FD9F6E4-7027-4699-930A-51795F350054",
    "translated" : null,
    "detectedLanguage" : null,
    "translatedLanguage" : null,
    "translatedBy" : null,
    "exampleEntities" : [ ]
  } ],
  "autoCompleteData" : [ ]
}