{
  "name" : "Cafe",
  "description" : "Esta entidad recuperar los elementos restantes para satisfacer la solicitud.",
  "type" : "COMPOSITEBAG",
  "multiValue" : false,
  "fuzzyMatch" : false,
  "promptForDisambiguation" : true,
  "botPrompts" : [ {
    "text" : "Please enter Cafe",
    "sequenceNr" : null
  } ],
  "validationRules" : [ ],
  "compositeBagItems" : [ {
    "sequenceNr" : 1,
    "name" : "Tipo",
    "description" : "Se le solicitara al usuario el tipo de café que desea.",
    "type" : "ENTITY",
    "entityName" : "TipoCafe",
    "entityUsage" : {
      "type" : "ENUMVALUES",
      "trackingId" : "ED0C2B69-6898-4645-A193-35FB5237481D",
      "name" : "TipoCafe",
      "description" : null,
      "multiValue" : false,
      "fuzzyMatch" : false,
      "promptForDisambiguation" : true,
      "disambiguationPrompt" : null,
      "enumRangeSize" : null,
      "errorMessage" : null,
      "eventHandler" : null,
      "botPrompts" : [ {
        "trackingId" : "13898E10-5BBA-49A7-B05D-E450F99998BD",
        "text" : "Que tipo de café deseas?"
      } ],
      "validationRules" : [ ],
      "extensionType" : null,
      "valueClass" : "oracle.cloud.bots.model.entity.metadata.StaticEntityValue"
    },
    "enumRangeSize" : "5",
    "errorMessage" : "'${system.entityToResolve.value.userInput!'Ese'}' no es un tipo de café valido",
    "multiValue" : false,
    "fuzzyMatch" : false,
    "outOfOrderExtraction" : true,
    "promptForDisambiguation" : true,
    "disambiguationPrompt" : "Puedes ordenar únicamente un café a la vez. Que tipo de café deseas ordenar?",
    "prompts" : [ {
      "text" : "Que tipo de café deseas?",
      "sequenceNr" : null
    } ],
    "trackingId" : "89981B2F-AF03-4205-A552-77188FD453C7"
  }, {
    "sequenceNr" : 2,
    "name" : "Leche",
    "description" : "Se le solicitara al usuario que indique con que tipo de leche se preparara su bebida",
    "type" : "ENTITY",
    "entityName" : "TipoLeche",
    "entityUsage" : {
      "type" : "ENUMVALUES",
      "trackingId" : "915524BA-E14A-4A35-BE0F-040CB6FCE1F6",
      "name" : "TipoLeche",
      "description" : null,
      "multiValue" : false,
      "fuzzyMatch" : false,
      "promptForDisambiguation" : true,
      "disambiguationPrompt" : null,
      "enumRangeSize" : null,
      "errorMessage" : null,
      "eventHandler" : null,
      "botPrompts" : [ {
        "trackingId" : "CF30279B-12DB-4688-BDF7-BD19ABF379D0",
        "text" : "Que tipo de leche usaremos para tu café?"
      } ],
      "validationRules" : [ ],
      "extensionType" : null,
      "valueClass" : "oracle.cloud.bots.model.entity.metadata.StaticEntityValue"
    },
    "enumRangeSize" : "5",
    "errorMessage" : "'${system.entityToResolve.value.userInput!'}Ese'}' tipo de leche no lo manejamos, selecciona una de las disponibles por favor.",
    "multiValue" : false,
    "fuzzyMatch" : false,
    "outOfOrderExtraction" : true,
    "promptForDisambiguation" : true,
    "prompts" : [ {
      "text" : "Que tipo de leche usaremos para tu café?",
      "sequenceNr" : null
    } ],
    "trackingId" : "792B9A38-797A-400A-AD7F-1E73B3406B49"
  }, {
    "sequenceNr" : 3,
    "name" : "Tamano",
    "description" : "Se le preguntara al usuario el tamaño de su bebida.",
    "type" : "ENTITY",
    "entityName" : "Tamano",
    "entityUsage" : {
      "type" : "ENUMVALUES",
      "trackingId" : "05EDECB5-23BD-4F59-B22A-CECDC0B3C539",
      "name" : "Tamano",
      "description" : null,
      "multiValue" : false,
      "fuzzyMatch" : false,
      "promptForDisambiguation" : true,
      "disambiguationPrompt" : null,
      "enumRangeSize" : null,
      "errorMessage" : null,
      "eventHandler" : null,
      "botPrompts" : [ {
        "trackingId" : "48B5634F-3E55-4155-957E-32F2ED8D2071",
        "text" : "De que tamaño sera tu bebida?"
      } ],
      "validationRules" : [ ],
      "extensionType" : null,
      "valueClass" : "oracle.cloud.bots.model.entity.metadata.StaticEntityValue"
    },
    "errorMessage" : "'${system.entityToResolve.value.userInput!'Ups!'}' ese no es un tamaño valido, elige entre chico, mediano y grande.",
    "multiValue" : false,
    "fuzzyMatch" : false,
    "outOfOrderExtraction" : true,
    "promptForDisambiguation" : true,
    "prompts" : [ {
      "text" : "De que tamaño sera tu bebida?",
      "sequenceNr" : null
    } ],
    "trackingId" : "7586252F-26BA-4C4F-B686-767064FF22E7"
  } ],
  "trackingId" : "D59E2F93-CA43-48AC-82D4-1043787CB305"
}