{
  "name" : "Tamano",
  "type" : "ENUMVALUES",
  "enumValues" : [ {
    "type" : "StaticEntityValue",
    "trackingId" : "B3D8E788-9301-4BFC-9E0A-18D59A59EC80",
    "canonicalName" : "Grande",
    "synonyms" : [ "grande", "grandote", "grandototote" ],
    "extensionType" : null
  }, {
    "type" : "StaticEntityValue",
    "trackingId" : "1709EB86-0336-4C24-A13F-1D9E4F2D7DD3",
    "canonicalName" : "Mediano",
    "synonyms" : [ "mediano", "el de enmedio", "medio" ],
    "extensionType" : null
  }, {
    "type" : "StaticEntityValue",
    "trackingId" : "3AB62E80-4A36-4F86-B8F0-6C12B4A608E6",
    "canonicalName" : "Chico",
    "synonyms" : [ "chico", "chiquito", "chiquitito" ],
    "extensionType" : null
  } ],
  "multiValue" : false,
  "fuzzyMatch" : false,
  "promptForDisambiguation" : true,
  "botPrompts" : [ {
    "text" : "De que tamaño sera tu bebida?",
    "sequenceNr" : null
  } ],
  "validationRules" : [ ],
  "trackingId" : "05EDECB5-23BD-4F59-B22A-CECDC0B3C539"
}