{
  "name" : "TipoLeche",
  "type" : "ENUMVALUES",
  "enumValues" : [ {
    "type" : "StaticEntityValue",
    "trackingId" : "9F55107B-A79A-4054-BBDD-3883AE16DA38",
    "canonicalName" : "Entera",
    "synonyms" : [ "entera", "regular" ],
    "extensionType" : null
  }, {
    "type" : "StaticEntityValue",
    "trackingId" : "C64C5041-38BD-412D-BA48-F85A368B739C",
    "canonicalName" : "Deslactosada",
    "synonyms" : [ "deslactosada", "sin lactosa" ],
    "extensionType" : null
  }, {
    "type" : "StaticEntityValue",
    "trackingId" : "34F06087-3421-4F4F-B088-036FFCBC32D2",
    "canonicalName" : "Deslactosada Light",
    "synonyms" : [ "deslactosada ligera", "deslactosada light" ],
    "extensionType" : null
  }, {
    "type" : "StaticEntityValue",
    "trackingId" : "D90170AA-8FBB-415A-9B95-1D8DB8910AE0",
    "canonicalName" : "Soya",
    "synonyms" : [ "soya" ],
    "extensionType" : null
  }, {
    "type" : "StaticEntityValue",
    "trackingId" : "4B86CC57-855D-4383-A301-208351FA78E8",
    "canonicalName" : "Almendras",
    "synonyms" : [ "almendras" ],
    "extensionType" : null
  } ],
  "multiValue" : false,
  "fuzzyMatch" : false,
  "promptForDisambiguation" : true,
  "botPrompts" : [ {
    "text" : "Que tipo de leche usaremos para tu café?",
    "sequenceNr" : null
  } ],
  "validationRules" : [ ],
  "trackingId" : "915524BA-E14A-4A35-BE0F-040CB6FCE1F6"
}