{
  "name" : "TipoCafe",
  "type" : "ENUMVALUES",
  "enumValues" : [ {
    "type" : "StaticEntityValue",
    "trackingId" : "12E9CDE0-1479-49EE-A92D-E9221B88A5F3",
    "canonicalName" : "Espresso",
    "synonyms" : [ "expreso", "expresso", "espreso" ],
    "extensionType" : null
  }, {
    "type" : "StaticEntityValue",
    "trackingId" : "5DE0D22E-9AB1-4F7E-9FB6-5AD133A2F5E6",
    "canonicalName" : "Cappuccino",
    "synonyms" : [ "cappuccino", "capuchino" ],
    "extensionType" : null
  }, {
    "type" : "StaticEntityValue",
    "trackingId" : "982ABF72-7F82-4B48-BD23-D5575D6E623D",
    "canonicalName" : "Mocha",
    "synonyms" : [ "mocha", "moca", "moka" ],
    "extensionType" : null
  }, {
    "type" : "StaticEntityValue",
    "trackingId" : "6E12D446-F0B2-4A3A-B2FC-145AD459C0A8",
    "canonicalName" : "Caramel Macchiato",
    "synonyms" : [ "caramel", "carame macchiato", "caramelo" ],
    "extensionType" : null
  }, {
    "type" : "StaticEntityValue",
    "trackingId" : "1212C376-3F70-44E2-8A55-0A1DDFE1633F",
    "canonicalName" : "Americano",
    "synonyms" : [ "americano", "tradicional", "negro" ],
    "extensionType" : null
  } ],
  "multiValue" : false,
  "fuzzyMatch" : false,
  "promptForDisambiguation" : true,
  "botPrompts" : [ {
    "text" : "Que tipo de café deseas?",
    "sequenceNr" : null
  } ],
  "validationRules" : [ ],
  "trackingId" : "ED0C2B69-6898-4645-A193-35FB5237481D"
}