{
  "languageTag" : "default",
  "keys" : {
    "system.intent.recomendaciones.conversationName" : {
      "message" : "recomendaciones",
      "extensionType" : null,
      "trackingId" : "E3A9E982-4076-452D-94B3-940FDB9C6E09"
    },
    "system.intent.tomar_orden.conversationName" : {
      "message" : "tomar_orden",
      "extensionType" : null,
      "trackingId" : "F52DDDE0-2908-44B4-BB53-3B48F141B84E"
    },
    "system.qna.Saluda.answer" : {
      "message" : "Hola asistentes a la charla de Añadiendo como interfaz conversacional en Digital Assistant, soy ODA. ",
      "extensionType" : null,
      "trackingId" : "BF72A4B5-37C2-415A-B912-A271D8AB9BD7"
    },
    "system.intent.Saluda.conversationName" : {
      "message" : "saluda",
      "extensionType" : null,
      "trackingId" : "72ADE8CB-76D4-47A9-BA8E-56B41AD91EE7"
    },
    "system.qna.despedida.answer" : {
      "message" : "Esta fue solo una pequeña muestra de las capacidades que tiene Digital Assistant, les recomendamos que asistan a las siguientes platicas programadas y les agradecemos su atención. Hasta la próxima.",
      "extensionType" : null,
      "trackingId" : "46641C15-38B3-4551-BF15-382ACBD0AEE9"
    },
    "system.qna.recomendaciones.answer" : {
      "message" : "Bienvenido al café de la sirena, la especialidad de la casa es el café Mocha, a nuestro barista le queda especialmente bueno. Pero si lo que buscas es algo fresco, el te de limón queda excelente. Cuando estés listo, para ordenar dí Alexa abre cafe sirena quiero ordenar.",
      "extensionType" : null,
      "trackingId" : "7E646EC9-5477-476E-9CE2-8A2F0C776A60"
    },
    "system.intent.cancela.conversationName" : {
      "message" : "Intent00001",
      "extensionType" : null,
      "trackingId" : "47EA1220-A9E1-41B7-A566-C10B344DA319"
    },
    "system.intent.despedida.conversationName" : {
      "message" : "despidete",
      "extensionType" : null,
      "trackingId" : "9577EA4F-F218-4A2B-9EC4-D27FCE17964D"
    }
  }
}